mp-1245098,2.6007
mp-1245134,2.4383
mp-1245321,2.4087
mp-1245308,2.3002
mp-777129,3.3487
mp-1203,0.0
mp-554278,2.6774
mp-766454,2.231
mp-2657,1.780999999999999
mp-685151,0.0
mp-430,2.2317
mp-390,2.0586
mp-34688,1.9546
mp-553432,3.421
mp-1044853,1.7851
mp-1380335,1.7183000000000002
mp-1408285,2.4461
mp-1426806,2.6004
mp-25433,2.4516
mp-756587,2.3165
mp-755264,0.0
mp-1071163,0.0
mp-754333,0.0
mp-673667,0.0
mp-755300,0.0
mp-25262,1.712
mp-1341203,2.513699999999999
mp-2901430,2.9417
mp-1439,2.5281
mp-775938,2.1536
mp-1190753,2.0744
mp-1840,2.2862
mp-1201727,2.4439
mp-2420244,2.8899
mp-2739239,2.709999999999999
mp-756655,2.4804
mp-754769,2.2868999999999997
mp-754672,2.9809
mp-849533,2.786299999999999
mp-9173,2.4757
mp-1386640,2.5135
mp-1041565,1.82
mp-1350429,1.0603
mp-1101022,1.9968
mp-1400963,2.502799999999999
mp-1101048,1.974099999999999
mp-1177252,3.3205
mp-1217597,0.6997
mp-1274758,0.8456
mp-1279759,0.0764
mp-1317675,0.7877000000000001
mp-530379,2.4703
mp-530316,2.5233
mp-530557,0.0
mp-531066,0.5914
mp-531689,1.4963
mp-674521,2.9037
mp-675030,2.3354
mp-675284,2.432499999999999
mp-675882,2.7794
mp-677628,3.2894
mp-690546,2.2715
mp-698587,1.708199999999999
mp-753197,2.869999999999999
mp-753891,2.8427
mp-753428,0.0
mp-753458,0.0
mp-756083,0.0
mp-759307,2.1357
mp-760220,0.2542
mp-777167,0.0
mp-1216931,0.0
mp-753512,0.0
mp-761341,1.1814
mp-760439,0.0
mp-1208291,0.0621
mp-773864,1.9612999999999992
mp-755302,0.0
mp-754900,0.0
mp-775296,0.0
mp-755596,0.0
mp-755748,0.0
mp-1048253,0.0
mp-1218045,0.0
mp-2234285,1.3274
mp-553991,2.361199999999999
mp-559280,0.0
mp-753158,0.0
mp-753676,0.0
mp-757064,1.4294
mp-756754,0.0
mp-766163,1.126299999999999
mp-771265,1.674999999999999
mp-777945,1.4943
mp-775831,1.442
mp-1207388,3.2762
mp-1279004,0.6662
mp-1216625,2.054999999999999
mp-1222301,0.0
mp-36194,1.8809999999999991
mp-753657,0.0
mp-1041486,2.4069000000000003
mp-1043406,2.401
mp-37473,1.8523
mp-18288,1.077499999999999
mp-1025200,0.0
mp-1096860,1.572299999999999
mp-5532,1.9141999999999992
mp-1040952,2.4127
mp-1042371,2.2794
mp-1043032,3.2127
mp-1191211,1.2628
mp-17196,2.7625
mp-29260,2.4447
mp-30998,2.8015
mp-3397,4.144
mp-752496,0.0
mp-753708,0.0
mp-758229,0.0
mp-761010,2.6682
mp-761041,2.7704
mp-769947,3.350899999999999
mp-770065,3.1977
mp-771127,3.0341
mp-1079111,0.0
mp-1214495,2.483
mp-3442,2.2434
mp-4651,1.848799999999999
mp-551830,1.786999999999999
mp-1101756,2.5681000000000003
mp-38280,0.0
mp-1217316,1.3331
mp-674221,0.0
mp-772410,2.280799999999999
mp-775149,2.2283
mp-1101375,0.0
mp-13641,2.9057
mp-14142,3.106999999999999
mp-19082,2.004899999999999
mp-18732,0.0
mp-19424,0.0
mp-19417,2.7436
mp-29699,0.520799999999999
mp-3771,3.529499999999999
mp-753164,3.5867
mp-754246,1.1086
mp-754701,3.570599999999999
mp-755657,0.0
mp-774520,0.0
mp-780260,1.1348999999999991
mp-1042864,3.1302
mp-1101360,0.9258999999999992
mp-1178356,2.9253
mp-1199408,0.0824
mp-1208207,1.0341
mp-19255,0.0
mp-25301,3.331399999999999
mp-28481,2.9158
mp-29160,1.2698
mp-2931,3.0338
mp-36864,2.5255
mp-505270,2.574599999999999
mp-540258,1.9644
mp-557146,2.5664
mp-676365,2.2599
mp-752705,2.374
mp-752733,2.2999
mp-752423,3.204999999999999
mp-754044,2.9325
mp-755107,2.9051
mp-754405,0.0
mp-755948,2.9529
mp-766396,2.4327
mp-780585,1.9887
mp-881150,0.0
mp-1235941,0.0
mp-1290660,1.3324
mp-5020,2.5086999999999997
mp-1078470,2.8280000000000003
mp-19376,1.7771999999999992
mp-1216763,0.0
mp-19270,2.052199999999999
mp-850194,0.0
mp-1216930,0.0
mp-2210657,0.0
mp-25417,0.0
mp-7002,0.0
mp-753061,1.1234
mp-756808,1.5028
mp-756589,1.4361000000000002
mp-753948,0.0
mp-7607,1.0936
mp-779587,0.0
mp-9716,0.0
mp-1215197,2.6223
mp-1224305,2.5991
mp-1342458,0.0
mp-764647,2.0298
mp-772521,3.9847
mp-1101280,0.9972
mp-755000,0.0
mp-755307,1.372099999999999
mp-1180658,0.0
mp-1443298,0.0
mp-5933,1.726099999999999
mp-764648,0.0
mp-776018,1.7362000000000002
mp-23494,2.312999999999999
mp-1041750,2.6298
mp-1045983,0.0204
mp-1045938,0.206599999999999
mp-1101441,2.798
mp-1179381,2.2549
mp-1179551,2.776399999999999
mp-1179354,2.590099999999999
mp-1277107,2.2487
mp-1342069,2.2704
mp-14726,3.3237
mp-530601,0.9302
mp-635713,3.1234
mp-756510,3.1454
mp-760017,9.999999999976698e-05
mp-766391,1.6151
mp-1284893,0.4657
mp-1276433,0.7223
mp-558125,2.0811
mp-1200136,2.7023
mp-752445,2.1462
mp-5214,2.7479
mp-1278941,0.317099999999999
mp-774302,1.501
mp-1016846,0.0
mp-1018639,1.0452
mp-1099583,0.0
mp-1186812,0.0
mp-19845,1.585
mp-22246,0.0
mp-2647018,0.0
mp-2998,1.666299999999999
mp-5229,1.771999999999999
mp-5827,1.8284999999999991
mp-754524,0.0
mp-754696,0.0
mp-8020,0.0
mp-865927,0.0
mp-977123,0.0
mp-977152,0.0
mp-6944,0.0
mp-761087,0.0
mp-1101033,1.6896
mp-20940,2.4636
mp-559283,2.2348
mp-1275288,1.5164
mp-1290888,0.0
mp-5052,2.4156
mp-554529,4.356800000000001
mp-754092,0.0
mp-761219,2.3743
mp-1101043,3.1831
mp-1205304,2.536299999999999
mp-1217399,1.4558
mp-753157,1.34
mp-753401,3.1323
mp-752676,2.735999999999999
mp-5777,2.2929999999999997
mp-1101038,2.9909
mp-1208353,0.0275
mp-26630,2.7708
mp-753858,3.9192
mp-2224111,0.361899999999999
mp-532524,2.0912
mp-676979,3.2698
mp-1193065,0.0
mp-759782,1.125499999999999
mp-23002,0.0
mp-22992,0.0
mp-753059,0.0
mp-1280499,1.3567
mp-26114,2.7969
mp-1041763,4.0908
mp-766596,3.3054
mp-776894,0.088099999999999
mp-780570,2.2075
mp-1195324,3.3239
mp-1195915,0.0
mp-1343137,0.0
mp-1345923,2.3514
mp-14550,2.1213
mp-17559,3.279299999999999
mp-17904,3.313799999999999
mp-17986,2.0959
mp-18051,3.288599999999999
mp-20073,1.5848
mp-22013,0.0
mp-22416,0.0
mp-25435,0.0357
mp-3119,0.0
mp-4019,2.3053
mp-4355,0.0
mp-505177,1.9707
mp-510278,0.0
mp-554944,2.104899999999999
mp-557626,3.1401
mp-556925,1.5326
mp-752414,3.300899999999999
mp-752579,3.2759
mp-752453,3.0845
mp-754231,0.0
mp-755236,0.0
mp-755525,0.0
mp-755606,0.4277
mp-756296,0.0
mp-768243,3.169399999999999
mp-768605,3.284899999999999
mp-768409,0.0
mp-768309,0.0
mp-770189,2.702
mp-771825,3.168099999999999
mp-770816,3.2941000000000003
mp-771126,3.273799999999999
mp-771031,3.3452
mp-771165,3.1928
mp-770806,3.308899999999999
mp-773887,2.639199999999999
mp-774567,3.3625
mp-779599,0.0
mp-850864,3.2076
mp-781646,3.135299999999999
mp-1095481,1.653699999999999
mp-1178403,3.3373
mp-1205364,2.1378
mp-13133,3.4121
mp-20117,1.844799999999999
mp-19074,1.6437
mp-4930,2.9434
mp-5839,0.058199999999999
mp-752724,3.0358
mp-755121,1.8816
mp-754377,3.1653
mp-754192,3.0448
mp-754073,3.0518
mp-755595,3.038
mp-756750,3.0481
mp-760501,2.7831
mp-760698,0.0
mp-761683,3.2426
mp-9172,4.5573
mp-1101349,2.0722
mp-5403,3.864
mp-1173109,0.0
mp-1216686,0.0
mp-1216722,0.0
mp-1216649,1.5783
mp-690490,0.9899999999999992
mp-762319,3.8433
mp-1077081,1.3114
mp-1222656,2.0702
mp-33297,2.5841000000000003
mp-33631,1.4336
mp-33684,0.0
mp-556003,2.1586
mp-36765,0.0
mp-772030,0.0
mp-674350,2.017
mp-1216971,1.931599999999999
mp-1217062,1.9328
mp-1272170,1.5591
mp-1316892,0.5747
mp-1274918,0.0
mp-1306974,0.0
mp-530245,1.8923
mp-530800,2.235499999999999
mp-530953,2.2785
mp-531655,1.407499999999999
mp-675755,0.0
mp-753048,1.9253999999999991
mp-755715,0.422099999999999
mp-756350,0.0
mp-758243,1.365
mp-1106215,2.316
mp-1301440,0.863499999999999
mp-1314855,0.8437999999999991
mp-505199,0.0
mp-756443,2.9898
mp-753108,0.0
mp-542737,2.309699999999999
mp-757031,3.4044
mp-1101018,2.3108
mp-540763,1.387999999999999
mp-20459,1.812999999999999
mp-5986,1.727999999999999
mp-760376,0.0
mp-1046592,3.0316
mp-1101433,1.715799999999999
mp-1176571,1.0624
mp-1177243,1.4904
mp-1177861,0.0011
mp-1215294,2.753
mp-1215309,2.6348000000000003
mp-1215966,2.8966000000000003
mp-1216434,2.8584
mp-1216838,2.3865
mp-1224767,2.8592
mp-1234086,2.0571
mp-1235299,1.022399999999999
mp-1247583,0.0181
mp-1247628,0.0
mp-1247661,0.1126
mp-1247634,0.002899999999999
mp-1247702,0.0
mp-1247725,0.0
mp-1247694,0.0
mp-1273123,1.221199999999999
mp-1256211,2.892599999999999
mp-1273419,0.374699999999999
mp-1278326,0.0
mp-1285010,1.522499999999999
mp-1278188,1.273599999999999
mp-1297766,0.6587000000000001
mp-1290754,0.351799999999999
mp-1293153,0.0
mp-1301347,1.6268999999999991
mp-1306771,0.1817
mp-1573040,1.051699999999999
mp-1639499,0.8423
mp-1645499,0.0
mp-1646154,0.092099999999999
mp-1662321,1.262499999999999
mp-1661621,0.0
mp-2215958,2.4409
mp-2214853,0.4187
mp-2218111,1.6719
mp-2218124,1.681
mp-2230350,0.6403000000000001
mp-2230936,0.7794000000000001
mp-2231836,0.3597
mp-2233736,0.369899999999999
mp-2240245,1.5509
mp-753225,1.4659
mp-754147,1.3723
mp-754102,0.2319
mp-754453,0.5563
mp-754445,2.7935
mp-756002,1.4694
mp-756906,1.0038
mp-757797,0.212099999999999
mp-758326,0.375999999999999
mp-758622,0.1571
mp-760950,0.0
mp-761048,0.2561
mp-760999,0.47
mp-768386,1.280799999999999
mp-768387,1.2264
mp-768438,1.295399999999999
mp-769497,0.0
mp-769659,0.0947
mp-769573,1.5048
mp-770565,0.0665
mp-769653,1.4816999999999991
mp-770749,2.8991
mp-772710,0.0
mp-775166,0.7526
mp-775316,0.0
mp-776435,1.27
mp-778073,0.0
mp-778500,0.0
mp-779077,0.9405
mp-800301,0.230699999999999
mp-1177887,0.0
mp-1177858,1.0566
mp-1221213,1.7711
mp-1221264,1.509
mp-754391,0.9156999999999992
mp-752969,0.0
mp-754914,0.400499999999999
mp-759813,0.0
mp-755096,1.7574
mp-6081,3.7274
mp-6289,3.7129
mp-557072,2.452
mp-1192641,3.8662
mp-1216859,1.6451
mp-1216798,1.241299999999999
mp-1216808,1.6732
mp-1216868,1.395899999999999
mp-1217930,1.8289
mp-1217913,1.9264
mp-1217916,1.7455999999999992
mp-1216751,0.0
mp-1217927,1.3284
mp-1216832,1.7575
mp-1218471,0.0
mp-1224442,2.2028
mp-557950,1.617999999999999
mp-1204561,0.4074
mp-1276468,1.3883
mp-1312729,0.0
mp-1306174,1.273499999999999
mp-1307652,1.118
mp-1342645,0.0
mp-1346697,0.0
mp-1369271,0.0
mp-1369747,0.0
mp-1366740,0.0
mp-1373655,0.0
mp-684108,0.259799999999999
mp-755563,2.7339
mp-752800,1.8961
mp-755864,0.302
mp-760599,1.6846
mp-774823,1.7568
mp-775018,1.8074
mp-754484,1.2684
mp-773510,1.3891
mp-1177868,0.0
mp-1177839,0.8816
mp-2223135,0.0
mp-754547,0.0
mp-761572,0.185699999999999
mp-755702,0.0
mp-757583,0.0
mp-1177851,0.719399999999999
mp-1177867,0.6871
mp-1208319,3.155999999999999
mp-1208614,2.464299999999999
mp-1207686,3.067299999999999
mp-1210698,3.0696
mp-1212080,3.122999999999999
mp-1212518,2.9895
mp-1212930,3.1421
mp-1214296,2.592399999999999
mp-1214314,2.4211
mp-1215235,1.7809
mp-1218603,2.6054
mp-1218807,2.480699999999999
mp-1228063,3.2524
mp-1236188,0.0071
mp-1273630,0.0
mp-1275461,0.833299999999999
mp-1274264,1.3399
mp-1278198,0.0
mp-1280664,0.0
mp-1277563,0.5063
mp-1285981,1.6326
mp-1288887,0.0
mp-1299584,0.0
mp-1309814,0.7295
mp-1304450,0.304899999999999
mp-1306312,1.0776
mp-1645230,1.2388
mp-1641494,1.1244
mp-2219057,0.555499999999999
mp-2219119,0.604499999999999
mp-2219292,0.7554999999999991
mp-2219538,0.0
mp-2226442,0.2236
mp-2228537,1.523299999999999
mp-2228463,1.1572
mp-2240560,1.069
mp-554519,0.3285
mp-555184,3.2107
mp-555860,0.0
mp-556108,3.1574
mp-559519,3.0631
mp-752814,1.290499999999999
mp-754166,0.9697999999999992
mp-754709,0.1346
mp-754695,0.0
mp-754620,0.063399999999999
mp-754706,0.0
mp-755147,0.0
mp-755734,0.8568000000000001
mp-755645,0.343099999999999
mp-756694,0.0
mp-756324,0.0
mp-756719,0.3727
mp-757225,1.9364
mp-757905,0.152399999999999
mp-757639,0.173199999999999
mp-758244,0.0
mp-758964,1.817699999999999
mp-758759,0.3679
mp-759411,0.0
mp-762163,0.0
mp-764005,0.5023
mp-772309,0.0
mp-771220,0.0
mp-771327,0.079199999999999
mp-769560,0.8359000000000001
mp-771024,0.0
mp-770955,0.0
mp-769962,0.679999999999999
mp-774498,0.0316
mp-774353,0.0
mp-775413,0.0
mp-776628,0.250899999999999
mp-867832,0.349099999999999
mp-1283290,0.0
mp-1276652,0.0
mp-1031344,0.08
mp-1031198,0.1066
mp-1031173,0.623699999999999
mp-1031369,0.494699999999999
mp-1031428,0.0
mp-1031644,0.8620000000000001
mp-1031659,0.1385
mp-1031871,0.146699999999999
mp-1031861,0.1074
mp-1032015,0.042099999999999
mp-1032012,0.0415
mp-1032960,0.045299999999999
mp-1032964,0.124199999999999
mp-1034067,0.095399999999999
mp-1034035,0.4129
mp-1033996,0.019599999999998
mp-1034137,0.175699999999999
mp-1034187,0.086199999999999
mp-1034083,0.123999999999999
mp-1034141,0.1387
mp-1034178,0.001099999999999
mp-1034194,0.1363
mp-1034443,0.137500000000001
mp-1034882,0.136799999999999
mp-1034875,0.1179
mp-1035096,0.0657
mp-1035429,0.0
mp-1035770,0.142599999999999
mp-1035958,0.0
mp-1036209,0.0
mp-1036369,0.0
mp-1036531,0.0
mp-1036724,0.0
mp-1036721,0.093499999999998
mp-1036804,0.0
mp-1036800,0.0
mp-1036996,0.6284999999999991
mp-1037122,0.445599999999999
mp-1037160,0.039799999999999
mp-1037199,0.631899999999999
mp-1037311,0.5640000000000001
mp-1037342,0.0
mp-1037361,0.2068
mp-1037362,0.0
mp-1037467,0.2083
mp-1037674,0.0
mp-1037668,0.0
mp-1037796,0.0
mp-1037799,0.0
mp-1037872,0.0
mp-1038112,0.0
mp-1038173,0.0
mp-1038237,0.0
mp-1038238,0.0
mp-1040310,0.0
mp-1040307,0.0
mp-1040304,0.0
mp-1040333,0.300899999999999
mp-1040299,0.0
mp-1040308,0.5093000000000001
mp-1040321,0.0
mp-1040361,0.233799999999999
mp-1040416,0.0
mp-1040356,0.0
mp-1040382,0.298799999999999
mp-1040392,0.0
mp-1040370,0.103799999999999
mp-672,1.125
mp-1095440,1.1625
mp-2469,1.0492
mp-370,0.2793
mp-1181862,0.2766
mp-530870,0.9996
mp-971712,1.368599999999999
mp-34735,0.6562
mp-5328,1.756199999999999
mp-34376,2.0749
mp-34145,0.0
mp-36395,1.997399999999999
mp-36912,1.646999999999999
mp-35281,1.994
mp-37233,1.9231
mp-677075,1.4199
mp-1222003,0.8257000000000001
mp-1226795,0.0
mp-17586,4.2148
mp-556680,3.2188
mp-8516,3.334699999999999
mp-1220444,0.0
mp-1104677,0.0
mp-18634,3.0449
mp-9330,1.772699999999999
mp-1103054,1.5751
mp-1215475,1.3281
mp-1215784,1.4555
mp-1221643,0.5464
mp-1221632,0.456899999999999
mp-532059,1.096799999999999
mp-20519,0.0
mp-7708,0.0
mp-1221706,0.0
mp-1226761,0.9252
mp-1227235,2.2388999999999992
mp-981379,1.6798000000000002
mp-10953,0.9581
mp-16267,1.0877
mp-3041,1.1479
mp-35785,1.1109
mp-4338,0.0
mp-4324,1.1785
mp-559200,1.050399999999999
mp-6942,1.1172
mp-8269,1.2348
mp-9993,2.462299999999999
mp-5679,3.0499
mp-18309,2.0892
mp-8885,1.7377999999999991
mp-8459,2.8625
mp-1224073,2.1641999999999992
mp-1216108,1.186499999999999
mp-1216548,1.205799999999999
mp-1223995,1.1961
mp-1225577,1.181299999999999
mp-1225330,1.1671
mp-531811,0.9114
mp-1181848,0.0
mp-4452,2.1205
mp-5928,2.7262999999999997
mp-1221768,0.0
mp-1220788,1.2949
mp-559588,1.528499999999999
mp-561079,1.729499999999999
mp-1078292,0.0
mp-1228659,2.0791
mp-1192203,1.975299999999999
mp-1194602,3.4934
mp-540903,3.301599999999999
mp-722381,3.3219
mp-756998,4.3612
mp-1219158,2.0564
mp-1219914,2.0313
mp-1219147,1.874099999999999
mp-1219860,1.8397
mp-1223157,1.946899999999999
mp-1220262,2.048499999999999
mp-1191034,1.5243
mp-1194826,1.4957
mp-558198,3.8287
mp-1215501,0.5978
mp-1220967,0.0
mp-1226894,0.0529
mp-1226798,0.0099
mp-1226842,0.173799999999999
mp-1229020,2.4821
mp-1228978,0.745499999999999
mp-630773,0.2643
mp-1226867,0.187199999999999
mp-1226771,0.643199999999999
mp-1191432,0.046699999999999
mp-1191443,2.1917
mp-1192574,1.4117
mp-1194601,2.3475
mp-560411,1.5565
mp-560904,1.3352
mp-1215680,0.0
mp-1221813,0.665099999999999
mp-1226341,0.0
mp-1226325,0.0
mp-1226914,0.6684000000000001
mp-1188784,1.9176
mp-1189383,2.2131
mp-1213860,0.0
mp-13982,0.388499999999999
mp-554105,0.5785
mp-6449,0.9802999999999992
mp-1197203,0.8323
mp-12306,2.196399999999999
mp-13831,2.6727
mp-1215630,1.1071
mp-1226840,1.2832
mp-1226388,0.6940000000000001
mp-1226382,0.3704
mp-1226810,1.6405
mp-1226823,0.5899999999999991
mp-561075,1.924999999999999
mp-558536,1.9376
mp-1226773,0.0
mp-557049,1.6373
mp-558849,1.916
mp-559668,1.7308999999999992
mp-560558,2.0699
mp-557832,2.032899999999999
mp-1226286,0.8689999999999991
mp-1215615,2.1691
mp-2831941,1.9501
mp-1190146,2.2385
mp-542200,0.6329
mp-1215684,1.3837000000000002
mp-1201664,0.0
mp-1215746,0.3207
mp-1232336,0.0
mp-532680,1.7034
mp-540654,3.208
mp-698056,3.9833
mp-1213951,2.8573
mp-1191972,4.3338
mp-24307,3.277199999999999
mp-558288,3.4985
mp-1199936,2.375099999999999
mp-541931,3.1465
mp-556367,2.2059
mp-1197904,3.5551
mp-1200189,4.015
mp-1201285,3.1371
mp-680331,2.0705
mp-1204215,4.4107
mp-1200842,3.8023
mp-557580,1.9085
mp-697260,3.3531
mp-699261,3.344299999999999
mp-1203521,2.776799999999999
mp-733747,2.43
mp-1203976,2.5258000000000003
mp-1227599,3.7859
mp-1196645,0.0
mp-1105963,0.2756
mp-1226934,0.7074
mp-1226950,0.058199999999999
mp-1227013,0.365199999999999
mp-1221703,0.0
mp-1227581,0.3896
mp-1195970,0.0254
mp-558011,2.9722
mp-634113,2.616
mp-556819,4.0658
mp-6724,3.752799999999999
mp-6067,4.0379
mp-6276,3.8028
mp-6623,3.7976
mp-6356,1.0437
mp-1238726,0.8395
mp-1226962,0.1805
mp-1226976,0.0
mp-1226965,0.057599999999999
mp-1226974,0.0
mp-1226907,0.0
mp-1225261,0.0
mp-1217986,1.3047
mp-1078780,1.216399999999999
mp-18101,1.9018
mp-18556,1.8924
mp-1226128,0.0
mp-10410,1.9544
mp-17513,1.9183999999999992
mp-554975,0.6451
mp-1226071,0.0
mp-1215786,1.841599999999999
mp-1202482,3.6991
mp-1211234,3.5315
mp-1198960,3.312
mp-542567,3.3659
mp-1013726,2.1914
mp-1221678,0.242499999999999
mp-1021492,0.7836000000000001
mp-1217998,0.8757
mp-1221772,0.609599999999999
mp-1221777,0.0
mp-1227026,0.0
mp-1226929,0.2391
mp-18179,1.4382
mp-5151,1.354899999999999
mp-1215798,2.1568
mp-1223535,1.9747
mp-9203,2.7127
mp-8921,2.9902
mp-1196490,1.156899999999999
mp-1226875,1.1219
mp-1226966,1.5844
mp-17493,0.9984
mp-1226820,0.4799
mp-1227016,0.014299999999999
mp-1226846,0.290499999999999
mp-1013730,1.9570999999999992
mp-1021494,1.391
mp-1220798,1.0388
mp-2763369,1.0715
mp-553916,2.0251
mp-554115,2.0169
mp-554608,2.015
mp-554681,2.0164
mp-554253,1.9769
mp-554630,1.9824
mp-553880,2.0298
mp-554004,2.0279
mp-554503,2.0191
mp-554889,2.0385
mp-554820,2.0195
mp-554713,2.034
mp-554829,2.0216
mp-555311,2.0305
mp-555214,1.596
mp-554961,2.018
mp-555594,2.0252
mp-554986,2.0291
mp-555628,2.036
mp-554999,2.0197
mp-555151,2.0233
mp-555381,2.0142
mp-555583,2.03
mp-555543,2.025
mp-555664,2.0194
mp-555079,2.018799999999999
mp-555773,2.0281
mp-556152,2.0263
mp-556005,2.0389
mp-556392,2.0369
mp-555779,2.0195
mp-556161,1.4296
mp-556000,2.0254
mp-556207,2.0276
mp-556363,2.0282
mp-556280,2.0238
mp-555666,1.858099999999999
mp-556716,1.213299999999999
mp-556543,2.0163
mp-556395,1.9563
mp-556448,2.015799999999999
mp-555782,1.9917
mp-556155,2.0223
mp-557026,2.023
mp-557009,2.0302
mp-557054,1.689499999999999
mp-556775,2.0399
mp-556989,2.0305
mp-557346,2.0258
mp-556815,2.0421
mp-556732,2.0239
mp-556950,2.032299999999999
mp-557308,2.0245
mp-557062,2.0301
mp-556784,1.992
mp-557175,2.027199999999999
mp-557418,2.018199999999999
mp-582680,1.9845
mp-581405,1.8885
mp-581425,2.018399999999999
mp-647075,1.9988
mp-680085,2.0155
mp-680087,2.0198
mp-1202023,2.0011
mp-1200836,1.9881
mp-1199343,2.0023
mp-1198139,1.9919
mp-1196782,1.986399999999999
mp-1201158,2.0046
mp-1202959,1.992499999999999
mp-1201781,1.9874
mp-1202182,1.992999999999999
mp-1200568,1.9998999999999991
mp-13456,2.0416
mp-555763,2.0639
mp-556468,2.032899999999999
mp-556576,2.0892
mp-543011,2.0396
mp-554405,2.0715
mp-555410,2.064
mp-556105,2.010799999999999
mp-18377,2.0462
mp-555280,2.0347
mp-555858,2.0194
mp-557151,2.0574
mp-581476,2.0243
mp-581602,2.0385
mp-581601,2.0265
mp-608468,1.9806
mp-581412,2.0264
mp-581258,2.0381
mp-10281,2.0471
mp-561196,2.0271
mp-561258,2.0288
mp-560588,2.0701
mp-561286,2.0218
mp-560725,2.0215
mp-561118,2.0338
mp-9946,2.0368
mp-1102743,1.4156
mp-10695,2.0192
mp-674328,1.402
mp-1078049,1.933
mp-1221929,2.547399999999998
mp-3342,1.98
mp-34467,1.892199999999999
mp-675067,1.621899999999999
mp-1024067,2.308999999999999
mp-1221529,0.0
mp-1220442,0.0
mp-1094021,2.061
mp-1096814,0.4488
mp-1221502,0.4455
mp-22253,0.1074
mp-1094006,0.0
mp-1078069,0.0
mp-1094011,9.999999999976698e-05
mp-1096817,0.203899999999999
mp-1215447,0.372
mp-1227316,2.9402
mp-1227344,2.7906
mp-541937,0.1358
mp-616900,0.0755
mp-1093994,0.358799999999999
mp-1096822,0.0
mp-1217994,0.0
mp-2352785,0.0
mp-21409,0.0
mp-1094008,0.646999999999999
mp-1096816,1.394499999999999
mp-1384478,0.0
mp-1387459,0.0
mp-1387289,0.0
mp-1395990,0.0
mp-1390608,0.0
mp-1410942,0.0
mp-1407346,0.0
mp-1401700,0.0
mp-1404648,0.0
mp-1443338,0.0
mp-1444973,0.0
mp-1096818,0.411999999999999
mp-1147618,1.9713999999999992
mp-1094007,0.0
mp-560262,0.1307
mp-8389,2.1581
mp-1096823,0.067299999999999
mp-1045454,0.0
mp-545756,4.2625
mvc-14772,0.0
mp-1001012,0.5768
mp-1001015,0.671899999999999
mp-1094002,1.534399999999998
mp-1104162,0.0
mp-1400406,0.7452000000000001
mp-1395289,0.0
mp-1390164,0.0
mp-1410970,0.0
mp-1443364,0.0
mp-22052,1.1222
mp-4194,0.0344
mp-4842,2.4934
mp-1094010,2.1138
mp-1096832,3.0068
mp-1247837,2.956
mp-1048312,0.0
mp-1374814,0.0
mp-1228438,1.753899999999999
mp-1024076,2.1164
mp-1094013,1.2906
mp-1096809,2.6294
mp-1190623,2.0968
mp-1190981,2.425899999999999
mp-1192811,2.3854
mp-1193407,2.3573999999999997
mp-1193207,2.3423
mp-1194113,2.307
mp-17043,2.3802
mp-18332,2.3855999999999997
mp-5126,3.823299999999999
mp-5587,2.0208
mp-531696,0.0
mp-1147773,2.804299999999999
mp-8257,2.3678
mp-1045350,0.0
mp-1045431,0.0
mp-1045448,0.0
mp-1247884,1.5436
mp-1096810,3.0979
mp-5350,2.276499999999999
mp-1046709,1.245499999999999
mp-1147686,2.4484
mp-1147692,2.6896
mp-1147697,2.5244
mp-1147727,2.6745
mp-1147725,2.6555
mp-1147737,2.7368
mp-1147693,2.7628
mp-1147695,2.7251000000000003
mp-1147734,2.700799999999999
mp-1147723,2.7102
mp-1147729,2.7876000000000003
mp-1147694,2.699099999999999
mp-1147696,2.5218
mp-1147732,2.6636
mp-1147741,2.6374
mp-1147698,2.7188
mp-1147735,2.7908
mp-1147738,2.5848
mp-1147726,2.3985
mp-1147733,2.7862
mp-1219554,2.5255
mp-1225887,2.5019
mp-774907,2.5442
mp-2228491,0.0
mp-2228447,0.0
mp-2228473,0.0
mp-2228469,0.0
mp-1025500,0.0
mp-1079889,0.218199999999999
mp-6408,0.369399999999999
mp-554754,4.6196
mp-1197363,4.558499999999999
mp-1197946,5.302099999999999
mp-24502,4.661
mp-24708,4.9078
mp-555652,4.5647
mp-16453,0.0
mp-16452,1.4565
mp-16455,1.1433
mp-16454,1.171999999999999
mp-1216132,2.0178
mp-1216118,2.0258
mp-1223149,1.9847
mp-766220,0.0
mp-1216285,0.0
mp-1207470,1.767999999999999
mp-643066,4.2653
mp-1220972,1.8297999999999992
mp-1215443,1.67
mp-2228588,0.0
mp-2228513,0.0
mp-2713749,2.2227
mp-2713859,4.0034
mp-2713873,1.481099999999999
mp-2713876,4.8209
mp-2713863,2.057
mp-1191872,1.9545
mp-1192219,1.367299999999999
mp-1192897,0.0
mp-7204,2.6853
mp-1197739,5.201
mp-1178614,0.169299999999999
mp-1369435,0.0
mp-24345,5.0235
mp-680579,3.7288
mp-1215673,0.0
mp-1221557,0.3357
mp-2227944,0.0
mp-2228597,0.4953
mp-1105527,0.507799999999999
mp-1190224,0.0
mp-1210804,2.1846
mp-977414,1.282299999999998
mp-558807,2.193399999999999
mp-1147721,2.7225
mp-1147724,2.7498
mp-1190487,1.7270999999999992
mp-13593,2.271099999999999
mp-1215590,1.189
mp-1215886,0.0
mp-1228479,2.3718999999999992
mp-1228455,1.7622
mp-1199216,1.7343000000000002
mp-548469,2.2367
mp-1147684,2.5786
mp-1147728,2.6651
mp-1147681,2.5023
mp-1147687,2.598799999999999
mp-1147685,2.5065
mp-1189914,1.6859000000000002
mp-1189702,1.609999999999999
mp-555186,2.1758
mp-1228837,0.0
mp-1216034,0.1341
mp-1221721,0.0
mp-1079541,0.094399999999999
mp-11175,2.731199999999999
mp-1215558,0.9342
mp-1228824,2.7802
mp-1190399,2.266499999999999
mp-1173865,3.8486
mp-1215792,0.026899999999999
mp-1215670,0.003899999999999
mp-1223305,4.7491
mp-2712874,1.5165000000000002
mp-2712970,4.2221
mp-2712976,1.5099
mp-2713008,1.745099999999999
mp-2713000,0.4457
mp-2712995,2.724
mp-2713001,0.410399999999999
mp-2713039,3.4156
mp-2713111,2.1418
mp-2713116,3.1986
mp-2714652,4.626099999999999
mp-2714882,4.3783
mp-532759,0.0
mp-677563,0.0
mp-769549,2.319
mp-772839,0.7195
mp-17244,2.1081
mp-18129,2.5848
mp-1208502,2.3133
mp-1216401,0.0
mp-9453,0.673
mp-1201031,3.2295
mp-1202438,4.706799999999999
mp-1204474,3.0321
mp-23787,4.9405
mp-23146,4.3633
mp-24112,5.0472
mp-24366,5.0087
mp-559540,4.5467
mp-696089,4.6715
mp-696420,4.2828
mp-706284,5.1418
mp-707039,0.374499999999999
mp-759665,4.1761
mp-779814,4.8055
mp-2714689,3.441599999999999
mp-2714703,4.235
mp-2714707,5.081099999999999
mp-2714885,3.9473
mp-2714838,1.2105
mp-2714889,4.670599999999999
mp-40886,5.526
mp-1189154,4.2143
mp-1204777,2.4966
mp-559335,3.0031
mp-2714136,4.1296
mp-2714062,4.7114
mp-2714122,3.1888
mp-2714151,4.271000000000001
mp-2714195,3.5006
mp-2714237,3.6309
mp-1190396,4.0068
mp-1190350,3.9851
mp-1190377,3.9585999999999992
mp-1190458,0.3121
mp-1190527,3.9594
mp-1196074,1.6923
mp-1201551,1.9308
mp-695935,5.074199999999999
mp-1215417,0.2317
mp-1201663,3.7142
mp-1215760,0.183499999999999
mp-1215643,0.051499999999999
mp-1215668,0.0
mp-1215727,0.012799999999999
mp-1207565,2.3203
mp-1203440,4.2073
mp-1215622,0.0079
mp-2240691,0.5177
mp-1216035,0.0
mp-541863,2.23
mp-1223192,4.350999999999999
mp-2713050,2.6967
mp-2713073,1.9888
mp-648573,2.971899999999999
mp-2712546,4.0169
mp-2712540,1.7419
mp-2712596,2.2676
mp-2712592,3.064
mp-2712603,0.6088
mp-2712610,3.3916
mp-2712673,1.5063
mp-2712684,1.1356
mp-2712748,1.8231
mp-2712815,0.6362000000000001
mp-2712867,3.1117
mp-2712983,4.1162
mp-2712977,3.885
mp-2713107,3.338199999999999
mp-2713322,1.134399999999999
mp-2713604,0.262599999999999
mp-2713596,0.029599999999999
mp-2713652,2.4387
mp-2713669,2.9484
mp-2713738,1.073599999999999
mp-2713979,4.2108
mp-2714020,1.610599999999999
mp-2714039,3.748
mp-2714026,3.4949
mp-2714121,2.6498
mp-2714185,3.671099999999999
mp-2714238,2.842
mp-2714316,3.3324
mp-2714352,1.9495
mp-2714516,1.2574
mp-2714536,1.7369999999999992
mp-2714537,3.2893
mp-2714561,3.9527
mp-2714613,3.8946
mp-2714648,1.7146
mp-2714688,1.3114
mp-2714727,3.6929
mp-2715639,3.5263
mp-2715656,1.6362
mp-2715753,1.557799999999999
mp-2715771,3.3378
mp-2715903,1.8842
mp-2715913,3.6401
mp-2715915,2.023799999999999
mp-2716041,2.2982
mp-2716078,4.391599999999999
mp-2716167,2.0555
mp-2716295,2.9229000000000003
mp-2716305,2.2952
mp-2716314,2.3246
mp-2716446,2.19
mp-2716474,1.3557
mp-2716520,4.4543
mp-2716548,3.7254
mp-696851,4.6103000000000005
mp-1204018,3.6644
mp-630391,2.8679
mp-722401,4.1704
mp-734836,3.8023
mp-1198862,3.8465
mp-774708,4.1327
mp-2712539,1.950199999999999
mp-2712565,3.5204
mp-2712585,3.7872
mp-2712612,1.7472999999999992
mp-2712622,2.5594
mp-2712629,2.7377
mp-7790,0.0
mp-8282,0.0
mp-1187591,0.0
mp-1246153,0.0
mp-1080190,1.7589
mp-1080192,0.0977
mp-1217167,0.0
mp-1217048,0.0
mp-33046,0.0
mp-492,0.0
mp-10196,0.0
mp-1079438,0.0
mp-1208406,0.0
mp-1204550,0.0
mp-1205002,0.0
mp-27488,1.214099999999999
mp-1218021,0.0
mp-8046,0.0
mp-1642,0.0
mp-1279,0.0
mp-1459,0.0
mp-1220830,0.0
mp-32913,0.0
mp-685050,0.0
mp-1173647,0.0
mp-1079585,0.0
mp-1220726,0.0
mp-1188869,0.0
mp-754556,0.6958000000000001
mp-569167,0.0
mp-7927,0.0
mp-7234,0.0
mp-1220479,0.0
mp-1220496,0.0
mp-2634,0.0
mp-2701,0.0
mp-999357,0.0
mp-1216242,0.0
mp-1216967,0.0
mp-1077232,1.2238
mp-1101173,0.8721999999999991
mp-1101178,0.4841
mp-2675163,0.8150000000000001
mp-2679804,0.6628000000000001
mp-754628,0.8351000000000001
mp-754629,1.0029
mp-755880,0.153699999999999
mp-776321,0.6937999999999991
mp-776343,1.525
mp-999549,1.0654
mp-1546639,0.0
mp-530081,0.0
mp-1221525,0.0
mp-27953,0.0
mp-1080195,0.0
mp-1065394,0.0
mp-1078389,0.0
mp-13036,0.0
mp-2811,0.0
mp-804,1.726499999999999
mp-830,1.5701
mp-20411,0.0
mp-22205,0.0
mp-1524551,0.0032
mp-754553,0.0
mp-9460,0.0
mp-690136,2.5326
mp-1261382,2.9647
mp-677288,1.7156
mp-1233355,3.7771999999999992
mp-1233465,1.4774
mp-1233915,4.4847
mp-1233946,3.7014
mp-1234119,1.010399999999999
mp-1234204,3.4048
mp-1234353,3.588999999999999
mp-1234382,1.1044
mp-1234533,4.098599999999999
mp-1234718,3.6485
mp-1234729,3.297999999999999
mp-1234888,3.873
mp-1216715,0.0
mp-1217049,0.0
mp-1216714,0.0
mp-1217909,0.0
mp-1217042,0.0
mp-12990,0.0
mp-3747,0.0
mp-3271,0.0
mp-1217102,0.0
mp-505538,0.0
mp-1217141,0.0
mp-1079706,0.0
mp-1217099,0.0
mp-1197979,0.0
mp-4978,0.0
mp-10675,0.0
mp-542028,0.0
mp-568934,0.0
mp-1025497,0.0
mp-1220371,0.0
mp-1228847,0.0
mp-569458,0.0
mp-1217823,0.0
mp-1214915,0.0
mp-9956,0.0
mp-1228967,0.0
mp-18093,0.0
mp-2646988,0.0
mp-1201432,1.8133
mp-1198567,1.9476
mp-1076454,0.0
mp-1094047,0.0
mp-1094086,0.0
mp-1097778,0.0
mp-540640,0.0
mp-3349,1.8404999999999991
mp-1197629,1.8868
mp-31213,1.463099999999999
mp-675134,0.0
mp-1202132,1.820799999999999
mp-1202462,1.857899999999999
mp-1197010,1.8845
mp-28740,0.0
mp-768357,2.574
mp-28917,0.0
mp-1076521,0.0
mp-7733,0.0
mp-560731,2.7396000000000003
mp-531527,0.0
mp-770118,2.2712
mp-33339,0.0
mp-1228496,2.5309
mp-760078,2.7389
mp-774530,2.210299999999999
mp-15761,0.0
mp-29298,2.529499999999999
mp-1178581,1.865299999999999
mp-771189,2.2132
mp-530879,0.0
mp-556729,2.5972
mp-766314,0.0
mp-757751,0.0
mp-773131,0.0
mp-3943,1.8301
mp-555966,2.1471
mp-558159,2.8033
mp-3175,2.7041999999999997
mp-27790,2.6235
mp-1227853,0.0
mp-1227654,0.0
mp-757206,0.0
mp-504457,2.6401
mp-757266,0.0
mp-2754073,0.0
mp-752852,0.0
mp-759489,0.0
mp-1076151,0.0
mp-1096895,0.0
mp-1370679,0.0
mp-1042523,2.4432
mp-1397126,2.7744
mp-1045642,0.0
mp-4163,2.5302
mp-15315,2.4425
mp-1041570,0.0
mp-1044645,0.0
mp-1044676,0.0
mp-1044919,0.0
mp-1047318,0.0
mp-1327109,0.0
mp-1345518,0.0
mp-1345605,0.0
mp-1354855,0.0
mp-1390652,0.0
mp-1445898,0.0
mp-3463,0.0
mp-1042976,2.7621
mp-1403610,2.9078
mp-1079825,0.0
mp-1181883,0.0
mp-1188864,0.0
mp-1043835,2.8507
mp-1046693,0.0
mp-1387047,0.0
mp-1443685,0.0
mp-1040874,2.6041
mp-1341727,0.0
mp-1097052,0.0
mp-1097888,0.0
mp-1099626,1.260999999999999
mp-1212003,1.9344
mp-1180667,2.0848
mp-754261,0.713499999999999
mp-770762,0.0
mp-572788,0.0186
mp-574915,0.9577999999999992
mp-1078634,1.950899999999999
mp-1181002,1.2424
mp-22590,1.433399999999999
mp-552676,0.848399999999999
mp-759730,0.767999999999999
mp-530917,0.0
mp-1196085,2.027399999999999
mp-504615,1.2366
mp-531715,1.7527
mp-698573,2.1319
mp-757766,2.2279
mp-1069079,1.3463
mp-1193035,1.6433
mp-22949,1.7783
mp-23501,1.279099999999999
mp-548231,0.0
mp-645159,1.541999999999999
mp-504427,1.982899999999999
mp-757480,0.405399999999999
mp-1101432,0.0
mp-567334,2.7028
mp-560328,1.288799999999999
mp-1215118,1.1099
mp-1247866,2.9324
mp-554873,3.4397
mp-759792,2.858
mp-559071,1.6367999999999991
mp-556345,1.6045
mp-1196546,2.8072
mp-554988,1.0401
mp-861942,1.3699
mp-1202797,2.7767
mp-723002,2.9514
mp-778019,2.5301
mp-690687,1.4591
mp-860963,2.8821
mp-1202149,1.894899999999999
mp-1215002,2.4575
mp-558763,1.9351
mp-1229122,1.276399999999999
mp-23485,1.2219
mp-570256,1.100399999999999
mp-556866,1.2212
mp-557396,1.4835
mp-1203404,1.9610999999999992
mp-27966,1.9011
mp-560276,2.0118
mp-556429,1.7276999999999991
mp-19318,1.873099999999999
mp-557303,1.71
mp-1195759,2.1369
mp-557644,2.3697
mp-1190325,1.166799999999999
mp-707138,1.3274
mp-558151,1.0803
mp-558469,1.9254
mp-561822,1.440099999999999
mp-13956,1.186599999999999
mp-667327,2.2477
mp-20210,1.3818
mp-1195817,1.840399999999999
mp-1102900,1.183999999999999
mp-1393712,1.2299
mp-2018369,1.5694
mp-2025704,1.0891
mp-31053,1.3634
mp-32669,1.3001
mp-32884,1.442799999999999
mp-36216,1.0895
mp-556225,1.0853
mp-610517,1.000699999999999
mp-1192057,2.301599999999999
mp-30982,2.3467
mp-5625,1.2289
mp-660503,1.321
mp-1183005,1.7115
mp-16913,1.7022
mp-2748718,2.093499999999999
mp-1197599,2.4602
mp-1190916,2.020299999999999
mp-1197464,2.1281
mp-561380,1.1402
mp-18068,1.627299999999999
mp-29163,1.2999
mp-32537,1.9614
mp-504466,2.0439
mp-637188,1.7809
mp-990091,1.098999999999999
mp-4431,1.177099999999999
mp-555843,1.6989
mp-561620,1.627799999999999
mp-34460,1.563399999999999
mp-1194638,1.8021
mp-505145,1.546999999999999
mp-695941,2.1569
mp-1214986,1.7696
mp-562667,2.1573
mp-1104271,1.8371
mp-555269,1.5142
mp-28996,1.7207999999999992
mp-1229155,1.599399999999999
mp-558550,1.7787000000000002
mp-27482,1.6556000000000002
mp-556570,1.2752
mp-1247860,1.0997
mp-28812,1.5002
mp-559847,1.2689
mp-1229218,1.0085
mp-1205440,1.8778
mp-504579,2.051
mp-553919,1.5871
mp-1229145,1.441999999999999
mp-1204185,2.4678
mp-683910,1.455899999999999
mp-1229180,1.0255
mp-556837,2.765
mp-1191037,1.6736
mp-557631,1.4049
mp-2646989,1.0937
mp-554710,2.6314
mp-37153,1.6805999999999992
mp-997022,2.3783
mp-22665,1.385999999999999
mp-13740,1.4968
mp-542609,1.577699999999999
mp-1229194,1.257299999999999
mp-16060,1.0268
mp-703539,3.296399999999999
mp-1194753,2.3274
mp-1194697,2.7748
mp-12021,3.157
mp-24058,3.044
mp-1215142,3.4749
mp-559803,1.285299999999999
mp-559834,2.5739
mp-557494,2.8918
mp-1195262,2.4344
mp-556434,1.183799999999999
mp-569126,1.2778
mp-1192345,2.9907
mp-35909,1.0457
mp-996968,1.6897
mp-996969,1.4247
mp-996970,1.2491
mp-556094,1.0752
mp-2034510,1.244199999999999
mp-866291,1.1708
mp-1178562,2.383
mp-561205,2.4341
mp-6781,3.0696
mp-1188917,2.7068
mp-1200256,3.306
mp-1178561,2.7117
mp-27941,2.3983
mp-775761,3.1001
mp-776199,3.113099999999999
mp-1101933,2.8481
mp-1191267,2.6793
mp-22993,2.3558
mp-2903321,3.2945
mp-551758,2.3744
mp-1197263,2.1401
mp-698405,1.8235
mp-1200633,1.238
mp-1215103,3.1463
mp-1203884,3.4709
mp-1200476,3.0284
mp-1200682,3.103
mp-1199390,3.2499
mp-707277,3.2954
mp-1192660,1.9599
mp-24053,2.8242000000000003
mp-697268,3.0727
mp-1205047,3.46
mp-849798,3.1878
mp-1196199,3.157599999999999
mp-1200371,2.354
mp-1102571,2.4608
mp-1193968,3.0167
mp-769355,1.396399999999999
mp-1215034,2.8954
mp-1201812,2.6044
mp-643431,1.7101000000000002
mp-1194934,2.8991
mp-1202066,2.9647
mp-1201826,3.2944
mp-769296,2.4145
mp-556798,1.1892
mp-6215,1.2453
mp-560067,1.2604
mp-23140,1.3584
mp-558446,1.1391
mp-22894,1.3877000000000002
mp-22925,1.3674
mp-567809,1.5986
mp-580941,1.3759
mp-684580,1.3143
mp-1194592,2.2937
mp-1195485,2.279
mp-1202188,1.806899999999999
mp-27384,2.4375
mp-849271,1.9765
mp-14973,2.024299999999999
mp-17427,1.9584
mp-19467,1.6215000000000002
mp-1229264,2.5162
mp-680482,2.0242
mp-1214988,2.3227
mp-1229143,2.019
mp-1103149,1.035999999999999
mp-14029,2.1219
mp-5770,1.7868
mp-996960,1.4382
mp-552185,1.853899999999999
mp-638686,2.008899999999999
mp-669466,2.0027
mp-8196,1.7204000000000002
mp-1194585,1.9686
mp-554766,1.3266
mp-1195243,1.2132
mp-1183028,3.4266
mp-696992,3.3529
mp-34418,3.2361
mp-1247850,3.2454
mp-1201487,2.1822
mp-18702,2.0232
mp-775762,2.287
mp-5470,1.3228
mp-621612,1.9341
mp-560923,2.4109
mp-1193499,1.4039
mp-1214944,1.1739
mp-1229086,2.4337
mp-559602,2.7813
mp-1202255,1.175
mp-1198276,1.116299999999999
mp-1229272,1.5029
mp-1236920,1.2338
mp-1194141,3.1523
mp-3414,1.7739
mp-690698,2.8326
mp-560848,1.0857
mp-1199019,2.555399999999999
mp-1182950,1.744799999999999
mp-1205392,1.312699999999999
mp-3922,1.3716
mp-627601,1.6047
mp-569052,1.396399999999999
mp-570431,1.0025
mp-559562,2.0214
mp-558637,1.6662
mp-559257,1.5732
mp-561489,1.1676
mp-29718,2.6891
mp-28586,1.2006
mp-1198361,1.4598
mp-1188939,2.5052
mp-1293197,1.0647
mp-1048821,1.3122999999999991
mp-672352,1.7285
mp-555903,3.346599999999999
mp-683984,1.1219
mp-574529,1.4066
mp-732264,3.0304
mp-540628,1.3271
mp-1047756,3.1318
mp-28499,2.2265
mp-28503,3.4466
mp-766293,3.020899999999999
mp-849760,3.196799999999999
mp-28790,3.1285
mp-765944,2.1445
mp-1029975,2.9441
mp-1193708,2.2406
mp-756970,3.120199999999999
mp-780398,2.6467
mp-1374068,1.7529
mp-1228987,2.7522
mp-674298,2.3255
mp-697313,2.6717999999999997
mp-1194539,1.9031999999999991
mp-572634,3.441
mp-1197319,1.185
mp-1204779,1.3157
mp-557737,2.6364
mp-571623,2.2404
mp-1228951,1.759599999999999
mp-772624,2.662799999999999
mp-686541,2.3959
mp-1214967,2.9874
mp-14047,3.1407
mp-1214910,2.9128
mp-36866,2.676
mp-3159,2.004699999999999
mp-3807,1.261099999999999
mp-7909,1.6245
mp-6186,2.9748
mp-36447,3.0024
mp-37621,2.4719
mp-674336,2.274700000000001
mp-1364177,2.3564
mp-1195160,1.2722
mp-1229078,3.0241
mp-1229026,2.32
mp-1229040,2.4514
mp-1229137,1.781699999999999
mp-1259854,1.432599999999999
mp-1265576,2.7091000000000003
mp-34782,2.5346
mp-36465,2.6289
mp-531674,2.8188999999999997
mp-1183004,1.982
mp-1214864,2.7318
mp-1228996,2.9747
mp-1228953,3.1754
mp-9751,3.409799999999999
mp-1229318,1.060499999999999
mp-27346,2.5631
mp-756317,1.346099999999999
mp-1104053,1.304899999999999
mp-7906,2.0244
mp-3038,1.4253999999999991
mp-7910,1.1108
mp-1246874,2.1638
mp-34234,3.079499999999999
mp-37614,3.205599999999999
mp-530137,3.042099999999999
mp-530184,2.923400000000001
mp-530459,3.075000000000001
mp-531917,3.0811
mp-532317,3.2249
mp-688785,3.3947
mp-1245279,3.4983999999999997
mp-1247896,3.191899999999999
mp-32591,3.199799999999999
mp-684591,3.3421
mp-684990,3.1085
mp-685036,3.298499999999999
mp-1103722,2.5904
mp-1228611,2.5214
mp-675374,1.9965
mp-27452,1.686
mp-680477,2.0191
mp-1079029,2.4329
mp-1228491,3.0435
mp-2654,2.817
mp-684638,2.0693
mp-1196459,1.801899999999999
mp-11674,1.8004
mp-685120,1.124599999999999
mp-561246,2.824899999999999
mp-1163929,2.123899999999999
mp-2712925,2.081
mp-2712836,2.3465
mp-540629,1.4498
mp-1228524,1.3221999999999992
mp-29502,1.854
mp-1214880,2.7781
mp-9254,1.046099999999999
mp-1199100,3.4362999999999992
mp-555644,3.4929
mp-1163942,2.0694
mp-1096789,1.1242
mp-1096793,1.538599999999999
mp-1246018,1.051399999999999
mp-34210,3.030299999999999
mp-1104860,1.378899999999999
mp-7907,2.1529
mp-7908,1.625099999999999
mp-1214836,1.7548
mp-1228599,1.8202999999999991
mp-645282,1.632
mp-646102,1.5753
mp-645326,1.3146
mp-1215069,1.6574
mp-762236,3.3694
mp-1019378,3.349899999999999
mp-1228436,3.4096
mp-1214863,2.364
mp-1214871,1.8972
mp-28693,2.1166
mp-1229069,2.7875
mp-23426,2.800199999999999
mp-1591,1.3154
mp-1190488,3.0642
mp-19348,1.7495
mp-1044552,1.8638
mp-1229278,1.6362
mp-1228698,1.330299999999999
mp-1228699,1.1498
mp-709031,1.0314
mp-1044564,2.347699999999999
mp-1044109,1.2321
mp-1214816,1.200899999999999
mp-1251086,1.1491999999999991
mp-1359741,2.0496
mp-1228170,1.5406
mp-5496,1.4427
mp-35267,1.4217
mp-9535,2.5652
mp-1202099,1.1467
mp-530331,1.439
mp-1246158,2.2371
mp-28759,2.7961
mp-1228228,2.5541
mp-14506,1.0799
mp-13875,2.8336
mp-1228858,3.1761
mp-1228970,3.3987
mp-1228964,1.6205999999999992
mp-1047169,1.5724
mp-1047674,1.5659
mp-1214923,2.4951
mp-1096824,1.0623
mp-9631,1.4090999999999991
mp-1096820,1.634999999999999
mp-5782,1.8992
mp-7885,1.7077
mp-14091,1.135199999999999
mp-1228963,1.1072
mp-14092,1.0469
mp-2172,1.503699999999999
mp-8881,1.686999999999999
mp-988945,1.1898
mp-567734,2.1167
mp-558360,2.2534
mp-1229224,2.963
mp-1205009,3.3489
mp-558137,2.940799999999999
mp-559276,3.0805
mp-1042146,2.3077
mp-1190020,1.1162
mp-1229110,2.6904999999999992
mp-31268,2.5722
mp-23080,1.585999999999999
mp-551918,2.977899999999999
mp-775763,3.0001
mp-561350,2.8305
mp-637206,2.542399999999999
mp-628665,2.1634
mp-1214833,3.0144
mp-607454,2.5682
mp-1102961,2.761
mp-1252502,1.618999999999998
mp-1251112,3.2098
mp-1178576,2.5603
mp-1041713,1.8844999999999992
mp-1581389,1.8873
mp-1393022,2.0559
mp-1048826,1.408699999999999
mp-1262600,2.4445
mp-1229097,1.4767
mp-1201081,3.412
mp-1345463,1.802899999999999
mp-1047109,1.173999999999999
mp-1182890,1.241299999999999
mp-1102536,2.1451
mp-1191076,2.532899999999999
mp-28020,2.5112
mp-3098,1.8148
mp-3748,1.7978
mp-1096827,1.254299999999999
mp-4979,1.6756
mp-1229065,1.2404
mp-8017,1.0186
mp-1043216,1.4742
mp-1047560,2.3215
